Register Number,Student Name,Mobile Number,FOA_CIA1,FOA_CIA2,FOA_Model,MAD_CIA1,MAD_CIA2,MAD_Model,CN_CIA1,CN_CIA2,CN_Model,WT_CIA1,WT_CIA2,WT_Model,DMW_CIA1,DMW_CIA2,DMW_Model,Fee Status,FOA_Total,MAD_Total,CN_Total,WT_Total,DMW_Total,Total_CIA1,Total_CIA2,Total_Model,Overall_Total,Overall_Percentage
24BCA001,Aarav Sharma,9840123450,91,87,93,85,90,82,89,85,87,87,91,88,85,89,84,Paid,271,257,261,266,258,437,442,434,1313,87.53333333333333
24BCA002,Aditi Verma,9840123451,70,71,73,62,78,77,64,77,75,70,77,80,66,65,77,Paid,214,217,216,227,208,332,368,382,1082,72.13333333333334
24BCA003,Aditya Patel,9840123452,44,41,34,38,50,42,36,47,42,42,51,36,42,45,33,Pending,119,130,125,129,120,202,234,187,623,41.53333333333333
24BCA004,Akash Sundaram,9840123453,76,71,71,71,64,77,69,62,73,81,69,68,73,68,72,Paid,218,212,204,218,213,370,334,361,1065,71.0
24BCA005,Akhil Krishnan,9840123454,83,86,91,90,88,92,90,89,86,90,92,89,82,90,83,Paid,260,270,265,271,255,435,445,441,1321,88.06666666666668
24BCA006,Amrita Sen,9840123455,64,67,69,78,75,80,61,76,69,68,71,84,74,67,66,Pending,200,233,206,223,207,345,356,368,1069,71.26666666666667
24BCA007,Ananya Deshmukh,9840123456,66,74,78,72,66,67,75,79,76,77,66,73,68,73,66,Paid,218,205,230,216,207,358,358,360,1076,71.73333333333333
24BCA008,Anirudh Iyer,9840123457,70,69,76,74,70,79,61,78,75,70,68,75,65,63,64,Paid,215,223,214,213,192,340,348,369,1057,70.46666666666667
24BCA009,Ankit Mishra,9840123458,42,51,42,55,48,33,38,42,38,50,44,44,40,32,47,Pending,135,136,118,138,119,225,217,204,646,43.06666666666666
24BCA010,Anushka Rao,9840123459,66,74,79,71,76,78,59,69,81,65,71,71,63,67,74,Paid,219,225,209,207,204,324,357,383,1064,70.93333333333334
24BCA011,Ashwin Nair,9840123460,65,76,68,74,70,77,74,79,71,67,79,84,77,73,73,Paid,209,221,224,230,223,357,377,373,1107,73.8
24BCA012,Ayush Kulkarni,9840123461,39,40,35,48,36,46,37,36,37,36,48,48,44,33,37,Paid,114,130,110,132,114,204,193,203,600,40.0
24BCA013,Bhavana Reddy,9840123462,90,87,85,87,92,82,81,88,91,87,93,87,87,82,83,Pending,262,261,260,267,252,432,442,428,1302,86.8
24BCA014,Chetan Joshi,9840123463,70,68,70,79,78,76,74,64,69,78,78,70,68,63,71,Paid,208,233,207,226,202,369,351,356,1076,71.73333333333333
24BCA015,Deepa Nambiar,9840123464,73,71,71,67,70,71,63,68,79,67,66,73,76,79,71,Paid,215,208,210,206,226,346,354,365,1065,71.0
24BCA016,Devendra Singh,9840123465,33,50,44,35,40,48,32,50,34,38,41,35,44,34,37,Pending,127,123,116,114,115,182,215,198,595,39.666666666666664
24BCA017,Divya Pillai,9840123466,96,97,98,95,96,97,98,99,99,94,96,97,96,97,98,Paid,291,288,296,287,291,479,485,489,1453,96.86666666666667
24BCA018,Farhan Akhtar,9840123467,74,69,69,63,73,82,59,65,74,72,72,72,72,80,76,Paid,212,218,198,216,228,340,359,373,1072,71.46666666666667
24BCA019,Gautham Menon,9840123468,66,75,69,67,73,78,65,77,72,69,78,71,65,78,78,Paid,210,218,214,218,221,332,381,368,1081,72.06666666666666
24BCA020,Harshavardhan Shenoy,9840123469,77,71,76,60,70,76,59,69,74,79,73,68,72,67,72,Pending,224,206,202,220,211,347,350,366,1063,70.86666666666666
24BCA021,Ishan Banerjee,9840123470,91,93,90,87,92,86,81,89,88,84,86,85,85,89,83,Paid,274,265,258,255,257,428,449,432,1309,87.26666666666667
24BCA022,Janani Raghavan,9840123471,74,66,79,61,71,66,70,66,80,75,68,72,73,77,72,Paid,219,198,216,215,222,353,348,369,1070,71.33333333333334
24BCA023,Jyoti Choudhary,9840123472,41,38,37,47,34,37,44,50,39,42,51,50,31,33,41,Pending,116,118,133,143,105,205,206,204,615,41.0
24BCA024,Karthik Swaminathan,9840123473,65,65,83,69,78,77,77,71,69,74,80,74,64,77,66,Paid,213,224,217,228,207,349,371,369,1089,72.6
24BCA025,Kavya Madhavan,9840123474,88,85,94,87,84,90,81,92,91,87,89,91,82,83,91,Paid,267,261,264,267,256,425,433,457,1315,87.66666666666667
24BCA026,Keerthi Suresh,9840123475,99,99,98,92,94,95,93,91,94,95,96,94,94,95,96,Paid,296,281,278,285,285,473,475,477,1425,95.0
24BCA027,Kiran Bhat,9840123476,37,49,44,48,43,37,29,46,33,35,43,42,52,37,41,Paid,130,128,108,120,130,201,218,197,616,41.06666666666667
24BCA028,Madhav Namboodiri,9840123477,66,82,77,76,71,68,64,66,66,80,71,82,63,67,79,Paid,225,215,196,233,209,349,357,372,1078,71.86666666666667
24BCA029,Manisha Agarwal,9840123478,89,88,87,82,85,84,88,88,91,83,86,90,81,91,87,Pending,264,251,267,259,259,423,438,439,1300,86.66666666666667
24BCA030,Manoj Kumar,9840123479,67,65,68,70,65,70,66,69,70,76,72,73,70,67,82,Paid,200,205,205,221,219,349,338,363,1050,70.0
24BCA031,Meera Natarajan,9840123480,72,76,80,70,71,75,67,71,81,76,70,71,60,75,67,Paid,228,216,219,217,202,345,363,374,1082,72.13333333333334
24BCA032,Mithun Raj,9840123481,78,78,73,68,70,80,73,68,69,66,67,80,72,63,73,Paid,229,218,210,213,208,357,346,375,1078,71.86666666666667
24BCA033,Mohit Chauhan,9840123482,35,51,32,51,49,44,29,46,32,56,43,40,47,41,45,Pending,118,144,107,139,133,218,230,193,641,42.733333333333334
24BCA034,Nandini Balaji,9840123483,62,70,69,72,75,82,64,78,80,67,72,78,65,63,79,Paid,201,229,222,217,207,330,358,388,1076,71.73333333333333
24BCA035,Naveen Prasad,9840123484,76,72,77,74,74,68,71,76,76,64,76,82,61,65,75,Paid,225,216,223,222,201,346,363,378,1087,72.46666666666667
24BCA036,Niharika Bose,9840123485,73,75,70,61,66,80,70,71,72,71,71,72,77,69,68,Pending,218,207,213,214,214,352,352,362,1066,71.06666666666666
24BCA037,Nitin Varma,9840123486,90,92,89,84,92,83,83,87,84,85,93,91,90,87,92,Paid,271,259,254,269,269,432,451,439,1322,88.13333333333333
24BCA038,Pooja Hegde,9840123487,92,94,93,93,95,94,94,92,95,98,99,98,93,94,95,Paid,279,282,281,295,282,470,474,475,1419,94.6
24BCA039,Pranav Subramanian,9840123488,91,93,95,98,99,99,92,94,93,93,95,94,92,94,96,Paid,279,296,279,282,282,466,475,477,1418,94.53333333333333
24BCA040,Priya Darshini,9840123489,71,76,78,64,77,82,74,69,78,64,65,76,71,69,71,Pending,225,223,221,205,211,344,356,385,1085,72.33333333333334
24BCA041,Rahul Vishwakarma,9840123490,87,86,86,90,87,83,85,90,88,85,89,85,83,85,83,Paid,259,260,263,259,251,430,437,425,1292,86.13333333333333
24BCA042,Rakshita Shetty,9840123491,78,65,77,78,76,68,72,72,68,75,77,79,70,76,66,Paid,220,222,212,231,212,373,366,358,1097,73.13333333333333
24BCA043,Rishabh Jain,9840123492,65,73,77,77,79,68,71,68,69,63,72,82,65,66,66,Paid,215,224,208,217,197,341,358,362,1061,70.73333333333333
24BCA044,Rohan Sengupta,9840123493,78,70,84,78,73,72,70,76,67,68,74,77,65,65,70,Paid,232,223,213,219,200,359,358,370,1087,72.46666666666667
24BCA045,Rohit Chawla,9840123494,38,33,33,46,49,33,40,36,35,48,54,35,47,38,35,Pending,104,128,111,137,120,219,210,171,600,40.0
24BCA046,Sahana Murthy,9840123495,68,80,70,72,68,79,63,74,81,73,81,69,63,79,64,Paid,218,219,218,223,206,339,382,363,1084,72.26666666666667
24BCA047,Sai Prasanth,9840123496,75,69,82,65,72,82,76,79,79,66,70,70,74,68,70,Paid,226,219,234,206,212,356,358,383,1097,73.13333333333333
24BCA048,Sanjay Rathore,9840123497,37,33,44,55,49,32,32,44,36,45,45,49,32,35,33,Pending,114,136,112,139,100,201,206,194,601,40.06666666666667
24BCA049,Saranya Devi,9840123498,92,87,94,90,86,89,89,89,85,88,85,88,85,86,85,Paid,273,265,263,261,256,444,433,441,1318,87.86666666666667
24BCA050,Shreya Ghoshal,9840123499,94,95,93,93,94,95,94,95,96,95,94,96,99,98,99,Paid,282,282,285,285,296,475,476,479,1430,95.33333333333334
24BCA051,Siddharth Venkat,9840123500,63,79,73,68,66,66,59,65,67,65,69,79,69,64,65,Paid,215,200,191,213,198,324,343,350,1017,67.80000000000001
24BCA052,Sneha Kulkarni,9840123501,66,82,71,75,77,74,61,77,75,67,75,81,78,70,74,Paid,219,226,213,223,222,347,381,375,1103,73.53333333333333
24BCA053,Srikanth Ravichandran,9840123502,91,86,87,90,90,88,85,92,84,91,94,88,83,82,85,Paid,264,268,261,273,250,440,444,432,1316,87.73333333333333
24BCA054,Sujith Kumar,9840123503,76,80,78,77,73,69,72,70,76,71,73,80,67,76,74,Pending,234,219,218,224,217,363,372,377,1112,74.13333333333333
24BCA055,Tanvi Kulkarni,9840123504,68,75,68,76,69,76,65,65,78,79,83,83,75,68,74,Paid,211,221,208,245,217,363,360,379,1102,73.46666666666667
24BCA056,Tarun Gopinath,9840123505,70,72,84,61,64,77,64,75,81,66,73,72,74,63,72,Paid,226,202,220,211,209,335,347,386,1068,71.2
24BCA057,Varun Chakraborty,9840123506,84,92,91,89,87,90,82,90,85,87,86,93,80,84,90,Pending,267,266,257,266,254,422,439,449,1310,87.33333333333333
